{"cameraMode":{"drawMode":0,"name":"Shaded","section":"Shading Mode"},"sceneLighting":false,"audioPlay":false,"sceneViewState":{"m_AlwaysRefresh":false,"showFog":true,"showSkybox":false,"showFlares":true,"showImageEffects":true,"showParticleSystems":true,"showVisualEffectGraphs":true,"m_FxEnabled":true},"in2DMode":false,"pivot":{"x":1.690000057220459,"y":-0.4399999976158142,"z":28.600000381469728},"rotation":{"x":0.16364848613739015,"y":0.6865628361701965,"z":-0.15948155522346497,"w":0.6902387738227844},"size":0.4112266004085541,"orthographic":false}