{"cameraMode":{"drawMode":0,"name":"Shaded","section":"Shading Mode"},"sceneLighting":false,"audioPlay":false,"sceneViewState":{"m_AlwaysRefresh":false,"showFog":true,"showSkybox":false,"showFlares":true,"showImageEffects":true,"showParticleSystems":true,"showVisualEffectGraphs":true,"m_FxEnabled":true},"in2DMode":false,"pivot":{"x":4.3108367919921879,"y":-0.8025996685028076,"z":28.481021881103517},"rotation":{"x":-0.12655717134475709,"y":0.6377864480018616,"z":-0.11040367931127548,"w":-0.7516782283782959},"size":0.48885563015937807,"orthographic":false}